{"cameraMode":{"drawMode":0,"name":"Shaded","section":"Shading Mode"},"sceneLighting":false,"audioPlay":false,"sceneViewState":{"m_AlwaysRefresh":false,"showFog":true,"showSkybox":false,"showFlares":true,"showImageEffects":true,"showParticleSystems":true,"showVisualEffectGraphs":true,"m_FxEnabled":true},"in2DMode":false,"pivot":{"x":19.35713005065918,"y":0.9677929878234863,"z":22.630630493164064},"rotation":{"x":-0.1500532478094101,"y":-0.18364116549491883,"z":0.028375616297125818,"w":-0.9710804224014282},"size":1.6541541814804078,"orthographic":false}