{"cameraMode":{"drawMode":0,"name":"Shaded","section":"Shading Mode"},"sceneLighting":true,"audioPlay":false,"sceneViewState":{"m_AlwaysRefresh":false,"showFog":true,"showSkybox":true,"showFlares":true,"showImageEffects":true,"showParticleSystems":true,"showVisualEffectGraphs":true,"m_FxEnabled":true},"in2DMode":false,"pivot":{"x":25.399999618530275,"y":1.8350989818572999,"z":19.47506332397461},"rotation":{"x":-0.1500532478094101,"y":-0.18364116549491883,"z":0.028375616297125818,"w":-0.9710804224014282},"size":3.626146078109741,"orthographic":false}